{
    "Surfaces": [
        {
            "Weights": [
                0,
                0,
                0,
                0
            ],
            "CPCoordinates": [
                [
                    -1.0991860894187113,
                    -1.1000035979302478,
                    0.0
                ],
                [
                    1.0991860894187109,
                    -1.1000035979302478,
                    0.0
                ],
                [
                    -1.0991860894187113,
                    1.1000755565352007,
                    0.0
                ],
                [
                    1.0991860894187109,
                    1.1000755565352007,
                    0.0
                ]
            ],
            "knotVectors": {
                "Xi": [
                    0.0,
                    0.0,
                    1.0,
                    1.0
                ],
                "Eta": [
                    0.0,
                    0.0,
                    1.0,
                    1.0
                ]
            },
            "id": 1,
            "pDegreeU": 1,
            "pDegreeV": 1
        }
    ],
    "Lines": [
        {
            "Layer": "Layer0",
            "Weights": [
                1.0,
                0.5000000000000001,
                1.0,
                0.5000000000000001,
                1.0,
                0.5000000000000001,
                1.0
            ],
            "CPCoordinates": [
                [
                    0.0,
                    0.9999999999999984,
                    0.0
                ],
                [
                    -1.7320508075688767,
                    0.9999999999999984,
                    0.0
                ],
                [
                    -0.8660254037844387,
                    -0.4999999999999998,
                    0.0
                ],
                [
                    -2.449293598294706e-16,
                    -1.9999999999999996,
                    0.0
                ],
                [
                    0.8660254037844384,
                    -0.5000000000000004,
                    0.0
                ],
                [
                    1.7320508075688776,
                    0.9999999999999984,
                    0.0
                ],
                [
                    2.4492935982947064e-16,
                    0.9999999999999984,
                    0.0
                ]
            ],
            "knotVector": [
                0.0,
                0.0,
                0.0,
                0.3333333333333333,
                0.3333333333333333,
                0.6666666666666666,
                0.6666666666666666,
                1.0,
                1.0,
                1.0
            ],
            "id": 1,
            "pDegree": 2
        }
    ]
}