{
  "Elements": {
    "2": 0.9999999999999998,
    "0": 1.0,
    "1": 0.9999999999999998,
    "3": 1.0
  },
  "Conditions": {
    "0": 0.9999999999999997
  }
}