{"data_input": "data/training_in_raw.dat", "normalizationcenter": [0.0, -0.5313650397546861, 0.0, -0.25590581256681344, 0.0, -0.006749497516048274, -0.21396022886034288, -3.3310207903178984e-08, 0.0, -0.01247934093099403, -0.21443352466586596, -4.288219788159322e-06, 0.0, -0.017122502455136877, -0.21563151184180715, -1.0628889113499946e-05, 0.0, -0.02106727157302641, -0.21716234408327875, -1.678891528927504e-05, 0.0, -0.023947780664174814, -0.21875410579570842, -2.308342888494038e-05, 0.0, -0.026269252909747916, -0.2202073375166885, -2.679854752556858e-05, 0.0, -0.027658884536434142, -0.2213687351531659, -2.906178864454771e-05, 0.0, -0.028571899030093606, -0.2220051694880011, -4.0041413748075506e-05, 0.0, -0.028440237084512345, -0.22170253442025453, -4.443456695151106e-05, 0.0, -0.027561854930592086, -0.2204774679219182, -6.118095111113959e-05, 0.0, -0.0254707543971489, -0.2176469647463835, -7.013759189025326e-05, 0.0, -0.021766005020292672, -0.21226912974917939, -9.248632082737576e-05, 0.0, -0.016350912118302086, -0.20329130808030246, -0.00010061693821665496, 0.0, -0.006406692057424612, -0.18526789030175747, -0.00015136892606731206, 0.0, -0.0227606021362079, -0.08180631505139208, -0.023929735644254834], "normalizationscaling": [0.2234740777257366, 0.6642062996933575, 0.06729629091843073, 0.3198822657085168, 0.4483797080703055, 0.008456161216205333, 0.2674502860754286, 0.004326830788413661, 0.4500948440669708, 0.015653388245483013, 0.26804190583233245, 0.007911522160651467, 0.4524245932005665, 0.02147771044099607, 0.26953938980225894, 0.011129229909302854, 0.45453294913504316, 0.02645582180300466, 0.27145293010409843, 0.014076772867741626, 0.45633038635570444, 0.030082148274931407, 0.2734426322446355, 0.016760968621985787, 0.45757403931810203, 0.03300749987392355, 0.27525917189586063, 0.019136536325528072, 0.45788960762192954, 0.03475464203660963, 0.2767109189414574, 0.021157009539361712, 0.45744280080610056, 0.03590224913931288, 0.2775064618600014, 0.023173577693212346, 0.45545521953565543, 0.03574082481358637, 0.27712816802531814, 0.02469682738157489, 0.45147421530711596, 0.03466123970136387, 0.2755968349023977, 0.02654813960065086, 0.44477975754648613, 0.03207259078301574, 0.27205870593297937, 0.02854281099662102, 0.4335028719394521, 0.02747509358800405, 0.26533641218647425, 0.030915437575911482, 0.4158463217325419, 0.021811287663350304, 0.25411413510037806, 0.03236122341727646, 0.38254657666184266, 0.022053869430376547, 0.23158486287719685, 0.03569081747942446, 0.18992074629541716, 0.05807158264735145, 0.1022578938142401, 0.03948181479657677], "normalizationrecenter": [-0.09999999999999998, -0.09999999999999998, -0.09999999999999998, -0.09999999999999998, -0.10000000000000003, -0.09999999999999998, -0.09999999999999998, -0.09999999999999998, -0.09999999999999998, -0.10000000000000003, -0.09999999999999998, -0.09999999999999998, -0.10000000000000003, -0.10000000000000003, -0.10000000000000003, -0.09999999999999998, -0.09999999999999998, -0.09999999999999998, -0.09999999999999998, -0.10000000000000003, -0.09999999999999998, -0.09999999999999998, -0.09999999999999998, -0.10000000000000003, -0.10000000000000003, -0.09999999999999998, -0.10000000000000003, -0.09999999999999998, -0.10000000000000003, -0.09999999999999998, -0.09999999999999998, -0.09999999999999998, -0.09999999999999998, -0.09999999999999998, -0.10000000000000003, -0.09999999999999998, -0.09999999999999998, -0.09999999999999998, -0.09999999999999998, -0.09999999999999998, -0.10000000000000003, -0.10000000000000003, -0.09999999999999998, -0.09999999999999998, -0.10000000000000003, -0.09999999999999998, -0.09999999999999998, -0.09999999999999998, -0.09999999999999998, -0.09999999999999998, -0.10000000000000003, -0.09999999999999998, -0.10000000000000003, -0.10000000000000003, -0.09999999999999998, -0.10000000000000003, -0.10000000000000003, -0.10000000000000003, -0.10000000000000003, -0.09999999999999998, -0.10000000000000003, -0.09999999999999998, -0.09999999999999998, -0.09999999999999998], "saved_file_name": "data//training_in.pkl", "flatten": [32, 2]}