{"data_output": "data/training_in_raw.dat", "masking_zeros": [0, 1, 2, 3], "normalizationcenter": [3.298183101770656e-07, 9.462589727072753e-08, 3.2897738916109506e-07, -5.371543852417314e-05, 1.268395417434582e-06, 1.7911419553176632e-07, 1.2677240454801525e-06, -0.00010664729726373175, 2.7429738059044486e-06, 2.3119659795166984e-07, 2.7422572076752647e-06, -0.00016356040170008705, 4.470707441611512e-06, 2.561762069251476e-07, 4.470429462545261e-06, -0.00022728122137293961, 6.238341777793085e-06, 2.6418118146049107e-07, 6.238062759354099e-06, -0.00029850612545814613, 8.020467368052745e-06, 2.5994860089791215e-07, 8.02019067264624e-06, -0.0003775367091305391, 9.749873891026355e-06, 2.4765253286441803e-07, 9.749601213952554e-06, -0.0004632742106769504, 1.138520927984637e-05, -5.866054833052551e-05, 1.1384941400594924e-05, -0.0005544905785369404, 1.2907020458297706e-05, -0.00013438511060593836, 1.2906757708022884e-05, -0.0006499001952268386, 1.4313694174667406e-05, -0.00021870348839517754, 1.4313436345670472e-05, -0.0007482679424191522, 1.5617287445533257e-05, -0.0003094559235405942, 1.561703373658364e-05, -0.0008484653842122799, 1.6839210084551747e-05, -0.000404763904852843, 1.6838959633018283e-05, -0.0009495469503148004, 1.800565912963676e-05, -0.000503026764270715, 1.8005411219124783e-05, -0.001050837151266215, 1.9142626475557893e-05, -0.0006029553918311701, 1.9142380635598904e-05, -0.0011519816348164208, 2.027005285821031e-05, -0.0007036226462497091, 2.0269808198185495e-05, -0.0012529292626955668], "normalizationscaling": [0.00022673185885357868, 6.431808649399966e-05, 0.00022552029187630795, 6.702112282053561e-05, 0.0008604767279628159, 0.00011087671727759366, 0.0008557774712361352, 0.0001330765935598606, 0.0018410864260666176, 0.00013615096993442914, 0.001831871707187704, 0.00020415594921708045, 0.0031158373192770096, 0.00013756514414854556, 0.0031016507508155123, 0.0002837738575487337, 0.0046374450566058914, 0.00011600692037815978, 0.0046183202058190775, 0.0003727930399233778, 0.006362090463936693, 9.202433917588737e-05, 0.00633841314636786, 0.0004715845979824206, 0.008249369395052084, 7.448367440711716e-05, 0.008221756145381438, 0.0005787698762347315, 0.010263126259435228, 0.00013521268334626494, 0.01023229312546719, 0.0006928093341669968, 0.012372322803043468, 0.00021999004343694977, 0.012338984569061111, 0.0008120922229885614, 0.014551105504936629, 0.0003176601817560001, 0.014515920352601928, 0.0009350716828838312, 0.016778234434366983, 0.0004251849379490291, 0.016741780636597783, 0.0010603350053359334, 0.019036507511063377, 0.0005392771033234751, 0.018999268794736034, 0.0011866988912367584, 0.021312563739600644, 0.0006579829641246138, 0.021274911702292662, 0.0013133185347130182, 0.023596936850784584, 0.0007795277727892381, 0.023559123405305388, 0.0014397515423914715, 0.0258839826808396, 0.0009027508138819382, 0.0258461340075498, 0.001565935782837531], "normalizationrecenter": [-0.09999999999999998, -0.10000000000000003, -0.10000000000000003, -0.10000000000000003, -0.09999999999999998, -0.09999999999999998, -0.09999999999999998, -0.09999999999999998, -0.10000000000000003, -0.09999999999999998, -0.10000000000000003, -0.10000000000000003, -0.10000000000000003, -0.10000000000000003, -0.10000000000000003, -0.09999999999999998, -0.10000000000000003, -0.10000000000000003, -0.10000000000000003, -0.10000000000000003, -0.09999999999999998, -0.09999999999999998, -0.09999999999999998, -0.10000000000000003, -0.10000000000000003, -0.09999999999999998, -0.10000000000000003, -0.09999999999999998, -0.09999999999999998, -0.10000000000000003, -0.09999999999999998, -0.10000000000000003, -0.10000000000000003, -0.09999999999999998, -0.09999999999999998, -0.09999999999999998, -0.09999999999999998, -0.10000000000000003, -0.10000000000000003, -0.09999999999999998, -0.10000000000000003, -0.09999999999999998, -0.09999999999999998, -0.10000000000000003, -0.09999999999999998, -0.09999999999999998, -0.09999999999999998, -0.09999999999999998, -0.09999999999999998, -0.09999999999999998, -0.10000000000000003, -0.09999999999999998, -0.10000000000000003, -0.09999999999999998, -0.10000000000000003, -0.09999999999999998, -0.09999999999999998, -0.10000000000000003, -0.10000000000000003, -0.10000000000000003], "saved_file_name": "data//training_out.pkl"}